Card#,Title,Artist,Year,URL,Hashed Info,Youtube-Title,ISRC
1,Wann wird's mal wieder richtig Sommer,Rudi Carrell,1975,https://www.youtube.com/watch?v=KzEOvyDcVas,d0f3c7b77482fd3fccc86921ce073fceba3694398e8848562096b598890c1374,Rudi Carrell - Wann wird's mal wieder richtig Sommer 1975,
2,You Can Call Me Al,Paul Simon,1986,https://www.youtube.com/watch?v=uq-gYOrU8bA,f18367a706ebd69b473142ed8183acfb4b31fb5e46a1df190e10e9ac26537021,Paul Simon - You Can Call Me Al (Official Video),
3,Start Me Up,The Rolling Stones,1981,https://www.youtube.com/watch?v=SGyOaCXr8Lw,9500a2d94fa3bb940e28485809007c57884dda26a5830dd428d8e28eea69636a,The Rolling Stones - Start Me Up - Official Promo,
4,The Twist,Chubby Checker,1960,https://www.youtube.com/watch?v=-CCgDvUM4TM,3e45f1259620f3c41277f13823d65da880a07a474afb1489b8417eb4c6016734,Chubby Checker - The Twist (Official Music Video),
5,Blurred Lines,Robin Thicke feat. T.I. & Pharrell Williams,2013,https://www.youtube.com/watch?v=yyDUC1LUXSU,4da6f532aa06536be873853777f10a693c62466f35f42bac7af54d87c54614a0,"Robin Thicke - Blurred Lines ft. T.I., Pharrell",
6,Hangover,"Taio Cruz, Flo Rida",2011,https://www.youtube.com/watch?v=dLhFDYQHDQY,c4aa2ccfd66926a5ae4c273a8caf635d9959af3a4dc0724337840fbf69c96cfe,Taio Cruz - Hangover (Official Video) ft. Flo Rida,
7,One More Time,Daft Punk,2000,https://www.youtube.com/watch?v=FGBhQbmPwH8,815f58b1e83dcd6d2a6e82e8974132bc4e619a9e458f5c433431ce48c84aa43b,Daft Punk - One More Time (Official Video),
8,China In Your Hand,T'Pau,1987,https://www.youtube.com/watch?v=T4sV3lqzKqQ,27395496d5c079bead9b096041dd42448b9459b8fa36f700dd4a4dcaf57ad5c2,T'Pau - China In Your Hand (Official Video),
9,The Best,Tina Turner,1989,https://www.youtube.com/watch?v=GC5E8ie2pdM,b22a21c0a9bc1446692526a9b19a5b82c527e0cdc1f5e93863684c262c6d7dae,Tina Turner - The Best (Official Music Video),
10,The Hustle,Van McCoy & The Soul City Symphony,1975,https://www.youtube.com/watch?v=SFzMs2SN--s,51d8ccdb3ada3465598c696f0ad5cb17a7e611ee8a786690efa15977be7222d7,Van McCoy - The Hustle (Official Music Video) [HD],
11,Piece of My Heart,Erma Franklin,1967,https://youtu.be/L0QAxIKf8G4?t=16,7d5674fc951c76a69d0c374d68621127336d115c2a7a39c201f8a842f4c31344,Erma Franklin - Piece of My Heart (Video),
12,Hungry Eyes,Eric Carmen,1987,https://www.youtube.com/watch?v=2ssCL292DQA,f94ed56d2f0c241f20e3fc6aaed7b0112e4ed2e6f8e9c8f01a867872daf23ab1,Eric Carmen - Hungry Eyes (Official HD Video),
13,Karma Chameleon,Culture Club,1983,https://www.youtube.com/watch?v=JmcA9LIIXWw,8f84b511feda5b6c84062ec120d8554e66138b6a9b42d6244dec28e8aab9da89,Culture Club - Karma Chameleon (Official Music Video),
14,99 Luftballons,Nena,1983,https://www.youtube.com/watch?v=Fpu5a0Bl8eY,8124f2ef28563872f90efdbb1bd8ff2a09998a6073c14f99edbe8f918a0911de,NENA | 99 Luftballons [1983] [Offizielles HD Musikvideo],
15,Beinhart,Torfrock,1990,https://www.youtube.com/watch?v=Pmi0XqTlEY8,a890835956f9057e744587f5c5e62354c0e95f5ea6167a34196c8d1b8a644ff6,Torfrock - Beinhart (Musicvideo),
16,In Da Club,50 Cent,2003,https://www.youtube.com/watch?v=5qm8PH4xAss,8745a11630a652936da36b87748c3ac006290c9090839bd17c0df70ee7dcb2a7,50 Cent - In Da Club (Official Music Video),
17,Don't Go,Yazoo,1982,https://www.youtube.com/watch?v=_sQGwDeambg,9dd0727a09d650f14027bda331d36d8e7139cb88448b69f4f246d0448c5e3bd9,Yazoo - Don't Go (Official HD Video),
18,I Wanna Dance with Somebody (Who Loves Me),Whitney Houston,1987,https://www.youtube.com/watch?v=LX366rnYTB4,ce32a00b64a11d071533f300717bfefdfe333899edcaddfebf1cee5bac62fa10,Whitney Houston - I Wanna Dance with Somebody (Who Loves Me) (Official Lyric Video),
19,7 Years,Lukas Graham,2015,https://www.youtube.com/watch?v=LHCob76kigA,24ecf1fc202432d33e74a711b7baa1a1a8f5c5a24003f15fbdff90b4f2771cae,Lukas Graham - 7 Years [Official Music Video],
20,Sugar-Baby,Peter Kraus,1958,https://www.youtube.com/watch?v=-9R3_53qe08,d28d48a3244d56fe5cabfaa14c9fbfdc0f86ffd39d75378e12c3fa42f7c20f83,Sugar Baby  -   Peter Kraus,
21,Lean On (feat. MØ),Major Lazer & DJ Snake,2015,https://www.youtube.com/watch?v=YqeW9_5kURI,95d85c5dead05d83310355d0e89036955a212ec6b9c870b6106bd690b8f777ef,Major Lazer & DJ Snake - Lean On (feat. MØ) (Official Music Video),
22,Einmal um die Welt,CRO,2012,https://www.youtube.com/watch?v=u2pySXCmwpc,4f787e5c4e0671b583ddd1a5c0769aca16a5fe65b6af95eb774cae2646b8b488,CRO - Einmal um die Welt (Official Version),
23,Ich will keine Schokolade,Trude Herr,1960,https://www.youtube.com/watch?v=2OqgIupSf5k,a8878767aab7c0852ae11e43c80cecba23c15974b90823fbd761589a609442d9,Ich will keine Schokolade,
24,80 Millionen,Max Giesinger,2016,https://www.youtube.com/watch?v=uC08L4xxjNM,b85f5b2404cc0009736c38933ce3c949695b60c00b639e0fe856f422e2d66bce,Max Giesinger - 80 Millionen (Offizielles Video),
25,Friday I'm In Love,The Cure,1992,https://www.youtube.com/watch?v=mGgMZpGYiy8,d1216122448635da07f586c4c68f8e956958bbb27386034279308272820d6ecc,The Cure - Friday I'm In Love,
26,What Is Love,Haddaway,1993,https://www.youtube.com/watch?v=HEXWRTEbj1I,b0a3cf4a534f94b2790325b821ea8a75b6d6be1513bd48a69006ceb5dc837824,Haddaway - What Is Love [Official],
27,Auf uns,Andreas Bourani,2014,https://www.youtube.com/watch?v=k9EYjn5f_nE,cb5092d91dd0a14d53f31303a7b36ac4f6a93a729c976b4099da493594ab07a5,Andreas Bourani - Auf uns (Official Video),
28,Don't Stop Believin',Journey,1981,https://www.youtube.com/watch?v=1k8craCGpgs,0a9c04e9c7edf4a902299ea8dab66b1800009b0f68bf6c82e1390ab60c8dd802,Journey - Don't Stop Believin' (Official Audio),
29,Orinoco Flow,Enya,1988,https://www.youtube.com/watch?v=LTrk4X9ACtw,49fae4bfea7dded4e75dfa09280423e3da4e6a18f11aeabc4da10d68ec8ed594,Enya - Orinoco Flow (Official 4K Music Video),
30,Über den Wolken,Reinhard Mey,1974,https://www.youtube.com/watch?v=fZMFF8QH3ew,4e6c41339c4758caad93b037269464d59da0e74a12ec763103acc2ec39bf678f,Reinhard Mey - Über den Wolken,
31,Rehab,Amy Winehouse,2006,https://www.youtube.com/watch?v=KUmZp8pR1uc,e9581d4baf74336dd2b04d0113821ea755473b5eeb9ede61a0478524eb489ba7,Amy Winehouse - Rehab,
32,Liebeskummer lohnt sich nicht,Siw Malmkvist,1964,https://www.youtube.com/watch?v=mUUJxMiznfc,d955c49f041096fa99d83f39be5b0f240eb0acf3af2d0e2aa9d4aee08eed6248,Siw Malmkvist - Liebeskummer Lohnt Sich Nicht (1964),
33,You Make Me Feel (Mighty Real),Sylvester,1978,https://www.youtube.com/watch?v=gD6cPE2BHic,342aeb52712976eff0c0c8216e4bb5ebc85c698f9c61dcfb245ca2dbe0f37a1d,Sylvester - You Make Me Feel (Mighty Real),
34,Sweet Home Alabama,Lynyrd Skynyrd,1974,https://www.youtube.com/watch?v=-35W_FWCT9Q,4f7cc4ce7dd83117a0c79cd92e006b9c40e283640962e3c1d10fb3c0c2d7347c,Lynyrd Skynyrd - Sweet Home Alabama (Audio),
35,He Ain't Heavy He's My Brother,The Hollies,1969,https://www.youtube.com/watch?v=eUWZqbumaZo,19873dc87f1eb88418087981d29238542530f54127482fc0b3675e8d059f3fe5,"The Hollies: He Ain’t Heavy, He’s My Brother (2019 Remaster Video)",
36,Eine neue Liebe ist wie ein neues Leben,Jürgen Marcus,1972,https://www.youtube.com/watch?v=TGMSNWOzhtM,003ac5551c39a64a6dd76f49843a1fdf0f1def58ddd549f42a62e50895d0b50f,Eine neue Liebe ist wie ein neues Leben (2009),
37,Manic Monday,The Bangles,1986,https://www.youtube.com/watch?v=SsmVgoXDq2w,b66a4a1d6b78d7b0cf71295259c454daa5985fc8c9a8a3e7caef64160a074f02,The Bangles - Manic Monday (Official Video),
38,Paradise By the Dashboard Light,Meat Loaf,1978,https://www.youtube.com/watch?v=C11MzbEcHlw,10aa8dcac3ab5738f16007e213a5330e1c5bd332508d598c9918212fa3113452,Meat Loaf - Paradise By The Dashboard Light,
39,Never Ending Story,Limahl,1984,https://www.youtube.com/watch?v=Gf1WT8VEZxk,57c12f7d5a89ef1c0b629bc651fb7cdbaa4f37abb7bfa4a444c166f176aec9f5,Limahl - Never Ending Story - 1984,
40,Don't Call Me Up,Mabel,2019,https://www.youtube.com/watch?v=9TQKyDD9Yig,ec2cec1298fae6ccfb7ea86dec53462d8a448c112563a3fea93f4b95f1fccffd,Mabel - Don't Call Me Up (Official Video),
41,Under the Bridge,Red Hot Chili Peppers,1992,https://www.youtube.com/watch?v=GLvohMXgcBo,0e49a9153d69eaf48a351487d70e5ef54902a5b31ffbed0df6bebb6c81cf4fc3,Red Hot Chili Peppers - Under The Bridge [Official Music Video],
42,König von Deutschland,Rio Reiser,1986,https://www.youtube.com/watch?v=BzGHhaMUqSQ,f658e3884bd31f09294493cff93803732da772fc1fad2655c08d257200d9e111,Rio Reiser - Koenig von Deutschland (Official Video),
43,Upside Down,Diana Ross,1980,https://www.youtube.com/watch?v=lZ9OP5dzkQg,3661cae4c0c8de97af4d4aafd6671f60b81f149128806375f90eb27fd0cd2ac2,Upside Down,
44,Don't Speak,No Doubt,1996,https://www.youtube.com/watch?v=TR3Vdo5etCQ,ab70a9c27fac521ea1698c28dab1693c4c66186ce54dcea4d7d522fe4323fa9f,No Doubt - Don't Speak (Official 4K Music Video),
45,(I Can't Get No) Satisfaction,The Rolling Stones,1965,https://www.youtube.com/watch?v=nrIPxlFzDi0,15fb46d476383b1a512073131c18e705b6ac717681c7ba46d0845aadd3531c99,The Rolling Stones - (I Can't Get No) Satisfaction (Official Lyric Video),
46,Dilemma (feat. Kelly Rowland) Nelly,Kelly Rowland,2002,https://www.youtube.com/watch?v=8WYHDfJDPDc,43166e3326f8717e68919a8326592949fc96433ef838f7aa139e91f52ec6c705,Nelly - Dilemma (Official Music Video) ft. Kelly Rowland,
47,Lola,The Kinks,1970,https://www.youtube.com/watch?v=LemG0cvc4oU,77706b32c3d363335c2d516bcb05bfead76e63b83587c2e89bd3204a17ee6e6f,The Kinks - Lola (Official Audio),
48,Captain Jack,Captain Jack,1995,https://www.youtube.com/watch?v=0Bb_w7nOBwg,88c923ee42eee36e99e21c0f962c8c4cb47e04f3d91388a8416944edb94e8b36,Captain Jack - Captain Jack (Official Video 1995),
49,True Colors,Cyndi Lauper,1986,https://www.youtube.com/watch?v=LPn0KFlbqX8,d8b45de030d6a7a282d19d3bccb3b7aeb69e018f7e177917513be9bed835df08,Cyndi Lauper - True Colors (Official HD Video),
50,Hey Ya!,Outkast,2003,https://www.youtube.com/watch?v=ubk1skSE9OA,4fca31ce56f410ba15bd9be30bd46d8484f75d66deee2da930661c6509f70280,Outkast - Hey Ya! (Official HD Video),
51,Guajira Guantanamera,Joseito Fernandez,1929,https://www.youtube.com/watch?v=SVMyUUTfk80,5bb070a10d1ad4fd8440177a55ee8fb041696a1d6ff4e399879bff319af3f99d,Guantanamera (Versión Original),
52,La Cintura,Alvaro Soler,2018,https://www.youtube.com/watch?v=Eg4LUvUjUWI,33443116ae0689d0c9cef0a7483b4573ee432c1de535cbcacc7649978642f505,Alvaro Soler - La Cintura,
53,Sick and Tired,Anastacia,2004,https://www.youtube.com/watch?v=HzfyCuPVpCY,171b39331315b12c17cd9ecb7f79dfb40ce7e2f227b54f5cfe386a47e3187dff,Anastacia - Sick and Tired (Video),
54,If You Leave Me Now,Chicago,1976,https://www.youtube.com/watch?v=-9_d-sFhmRM,1eabc29ea89ef03c558e4220ba9e799eed808640ca4bd8f01c0e87e47398aaad,Chicago - If You Leave Me Now (Official Audio),
55,"Siebzehn Jahr, blondes Haar",Udo Jürgens,1965,https://www.youtube.com/watch?v=1_ReKoTY8eY,784aa62e43a1db4252a3d7bc013e1de42eb4c889a120979100463f031179fb9f,"Siebzehn Jahr, blondes Haar",
56,Murder On The Dancefloor,Sophie Ellis-Bextor,2001,https://www.youtube.com/watch?v=hAx6mYeC6pY,cd2dee55fd046b5a59838131f4b927fc5aa2a8b168ba6ed3f865561f0017fd58,Sophie Ellis-Bextor - Murder On The Dancefloor (as featured in Saltburn),
57,Sing Hallelujah!,Dr. Alban,1993,https://www.youtube.com/watch?v=pKxJca7LLNM,2e626d1e7d0f7b50d2604e836e828945dd4f2f25f247a4f42555368f0b237941,Dr Alban - Sing Hallelujah (Official HD),
58,Set Fire to the Rain,Adele,2011,https://www.youtube.com/watch?v=a2giXO6eyuI,d7e7693b5fb8cddf240d492b6b87da8bbc1418413b466ac097fd0b94913e7059,Set Fire to the Rain,
59,Herz an Herz,Blümchen,1996,https://www.youtube.com/watch?v=eGUsqIPurNQ,a59d18b346b7e1e7ca64ae13bd3857448d0c74f03653fcee0a1da2f48f8754ff,Blümchen - Herz an Herz (Official Video),
60,Tage Wie diese,Die Toten Hosen,2012,https://www.youtube.com/watch?v=j09hpp3AxIE,a0b77c3b897be8bbb4e4506d1d384eb5b54c6b40e6a33abc2195a3637dd1c68b,"Die Toten Hosen // „Tage wie diese"" [Offizielles Musikvideo]",
61,Sweet Caroline,Neil Diamond,1969,https://www.youtube.com/watch?v=4F_RCWVoL4s,23a1e787e4963cad9614f3c7e4ea73051c124b4fc71a494553aa51ad1294b2ca,Neil Diamond - Sweet Caroline (Audio),
62,Do Wah Diddy Diddy,Manfred Mann,1964,https://www.youtube.com/watch?v=1UingsUi0mI,462e7b973ae8eabf2af29d5af045c47986fc281f1fb78b1362d2ecb81176c884,Do Wah Diddy Diddy,
63,Über sieben Brücken musst du gehn,Karat,1978,https://www.youtube.com/watch?v=28MMYPoG8ag,3df8d0053c7a1ad0b0cab4f8ef89ec17332acf379f11f4a9ba478b3612046564,Karat - Über sieben Brücken musst du geh'n (Die aktuelle Schaubude 17.05.1980),
64,Don't Leave Me This Way,Thelma Houston,1976,https://www.youtube.com/watch?v=rUdw7V-FC_Q,f168a443fe058bb2d39cff030657bb0cd5406dfc8da7e22848cde7c03cd81210,Don't Leave Me This Way,
65,Can't Hold Us (feat. Ray Dalton),Macklemore & Ryan Lewis,2011,https://www.youtube.com/watch?v=96L5sV7rqX0,ec1d9d319ec12cc4aa53f735d26fbbcbd16401d41a1df1313a884549146bf178,Can't Hold Us (feat. Ray Dalton),
66,Do You Know? (The Ping Pong Song),Enrique Iglesias,2007,https://www.youtube.com/watch?v=UqON44CLaQM,ba157323ec96dcb652ce10178032bb5d437f1dd39526e74f3655dfb4b75b7a6a,Enrique Iglesias - Do You Know? (The Ping Pong Song),
67,Warum?,Tic Tac Toe,1997,https://www.youtube.com/watch?v=S2lWV74yZ5o,e56224e55a5bd938346f440ca2cdf42729698467d29c238c7fb3a65ed064350f,TIC TAC TOE - Warum? (Für Melanie) (Musikvideo),
68,Gimme Hope Jo'Anna,Eddy Grant,1988,https://www.youtube.com/watch?v=3P-imA4618Y,c3af2223739dd4daff7c1233c990ceb88941b1c49f448158167e128329076211,Eddy Grant - Gimme Hope Jo'Anna (Official Video),
69,Wind of Change,Scorpions,1991,https://www.youtube.com/watch?v=n4RjJKxsamQ,c47abe474662ca2b5a7e056768f3aba3b61d1c5f0f438ceb73bb9526879cc51a,Scorpions - Wind Of Change (Official Music Video),
70,Le Freak,CHIC,1978,https://www.youtube.com/watch?v=aXgSHL7efKg,29dec95b3aa10ae8e79d0af88fa52af22f02c4f9f007dd856ea9f11c34f47a80,CHIC - Le Freak (Official Music Video),
71,Haus am See,Peter Fox,2008,https://www.youtube.com/watch?v=j-XKgB5guDQ,330f97d46cbfeaa7cc4e7a85ea62d301500376df89b5a99d5dfd8b92a73c75ad,Haus am See,
72,Poker Face,Lady Gaga,2008,https://www.youtube.com/watch?v=bESGLojNYSo,7ab456a6e035796c5935d3b39de0948e5db928560a29f22e28d36c5375548ec5,Lady Gaga - Poker Face (Official Music Video),
73,It's a Heartache,Bonnie Tyler,1977,https://www.youtube.com/watch?v=bEOl38y8Nj8,f330944d4d5cd6e4098f15977ace1fa2479807625fec0a4bd6d1bc9a74ebda42,Bonnie Tyler - It's A Heartache (Official HD Video),
74,Johnny B. Goode,Chuck Berry,1958,https://www.youtube.com/watch?v=Y-9Y4CCIWnM,35e02617333a6f2b7905dd38452467a45aa0496e8b893c5f4f12b15f5cba11b1,Johnny B. Goode,
75,White Wedding,Billy Idol,1982,https://www.youtube.com/watch?v=AAZQaYKZMTI,80f29e010f2f9985fdf862eb4453704d4034d90789bca6366ee1af4533ad8333,Billy Idol - White Wedding (Part 1),
76,"Rigoletto: ""La Donna E' Mobile""",Enrico Caruso,1908,https://www.youtube.com/watch?v=RZNkoRb2iLQ,02724062dc5e32725d955acab8c7538c102c1a99bc1cec8a242d1af680d790c4,Enrico Caruso - La Donna e Mobile (Remastered),
77,Without You (feat. Sandro Cavazza),"Avicii, Sandro Cavazza",2017,https://www.youtube.com/watch?v=As_4JTmHuW4,63db1b86c7e1cbbaa9a119ccab0902772316defbb0e6387fa512ea37bc8e3124,Without You,
78,Volare (Nel Blu di Pinto di Blu),Gipsy Kings,1989,https://www.youtube.com/watch?v=X8TOhb_4jU0,9ce3db1bfeb26833f296d4b2ecce7a8fc32227d71fbe21d0f20bdefb23a08a15,Gipsy Kings - Volare (Nel Blu di Pinto di Blu) (Official HD Video),
79,Ca plane pour moi,Plastic Bertrand,1977,https://www.youtube.com/watch?v=8soQkubMk1g,4baa33a01c8b3eead7250993c318c6262c4765ef01b3915e8397af4d7919cd71,Plastic Bertrand  - Ça plane pour moi (Official Audio),
80,Born to Be Alive,Patrick Hernandez,1978,https://www.youtube.com/watch?v=9UaJAnnipkY,4a7126a0e1032e034f45a0ce3291fc3d1aa964425d73a44f6b940f2bbccc70de,Patrick Hernandez - Born to Be Alive - Official Video (Clip Officiel),
81,Whole Lotta Love,Led Zeppelin,1969,https://www.youtube.com/watch?v=HibBnC6SVk8,30d553d7512c51985ff1cae6519cb9119734935691d7689a6281e0e4a1dae062,Led Zeppelin - Whole Lotta Love (Official Audio),
82,Ein Kompliment,Sportfreunde Stiller,2002,https://www.youtube.com/watch?v=C4uXGzFZjqw,2411e3a35f2946acfdc7a51f4ce31f5b5d6ebebaaebbda3360e657217271a4b7,Sportfreunde Stiller - Ein Kompliment,
83,In the Mood,Glenn Miller,1939,https://www.youtube.com/watch?v=_CI-0E_jses,e24beb9f344c9954df260fec870d23f3b1f6cb28487391f0218e13d4854b3f64,Glenn Miller - In The Mood [HQ],
84,Wahnsinn,Wolfgang Petry,1983,https://www.youtube.com/watch?v=ExgfgiW-BJI,552930f82dcd4b982899719a2875b0eecf3b8d5c7911a9bf41fca8f824688672,Wahnsinn (2021 Remastered),
85,Counting Stars,OneRepublic,2013,https://www.youtube.com/watch?v=hT_nvWreIhg,4f9e977754083f330a1272b1f6d399f5f484cc6cbe51491dd4dd6496fce3de11,OneRepublic - Counting Stars,
86,Dragostea din tei,O-Zone,2003,https://www.youtube.com/watch?v=YnopHCL1Jk8,777d355af42786f9708a42a03afde035af9c70a419194e6d7bc297f396aee20d,O-Zone - Dragostea Din Tei [Official Video],
87,Everybody Hurts,R.E.M.,1992,https://www.youtube.com/watch?v=5rOiW_xY-kc,3a846baf1d03456c0c891b123d72fa746afc86f4f019b91d86d428671c62ef11,R.E.M. - Everybody Hurts (Official HD Music Video),
88,Just Give Me a Reason (feat. Nate Ruess),"Pink, Nate Ruess",2013,https://www.youtube.com/watch?v=OpQFFLBMEPI,40299bbd43cbba7d1f76a9ba902f804af314fde714fbe5c08aad9481e72403cf,P!nk - Just Give Me A Reason ft. Nate Ruess,
89,Joyride,Roxette,1991,https://www.youtube.com/watch?v=xCorJG9mubk,c6079429a3075801a21f542944b1ba3db95e930ae6b4242b1227f5d477a4fef6,Roxette - Joyride (Official Video),
90,(We're Gonna) Rock Around The Clock,Bill Haley & His Comets,1954,https://www.youtube.com/watch?v=hzYBEJgKjv0,5d6ac85adcb6f79b7c47c1cbfc84b25f419e88dea3b14029251f81916a94aca1,[We're Gonna] Rock Around The Clock,
91,Bette Davis Eyes,Kim Carnes,1981,https://www.youtube.com/watch?v=EPOIS5taqA8,a63f4194bb7cc82342705f7cf4da11fa23c63528be13e0709bbcc195a6c66b51,Kim Carnes - Bette Davis Eyes,
92,Lambada,Kaoma,1989,https://www.youtube.com/watch?v=iyLdoQGBchQ,1e2a5209d82e86adec26543755857b74204ec1168380705266e44b23765b6ff2,Kaoma - Lambada (Official Video) 1989 HD,
93,Ain't Nobody,"Rufus, Chaka Khan",1983,https://www.youtube.com/watch?v=uBnISf3Rjx8,786c73a8f5a3c1d282dad32c4ff4061c4fec764e0ca125c11f09e0b22fedbb59,Ain't Nobody,
94,Have You Ever Seen The Rain,Creedence Clearwater Revival,1971,https://youtu.be/u1V8YRJnr4Q?t=16,2ecb57d908ab20ba4c9ab4e8c7741d46ecb57d46dad17fdfc39d9e3891c84d3f,Creedence Clearwater Revival - Have You Ever Seen The Rain (Official),
95,(I've Had) The Time of My Life,"Bill Medley, Jennifer Warnes",1987,https://www.youtube.com/watch?v=4BQLE_RrTSU,e64a7fa9c67ae33d4af3e5dd729884adb406a0d38fa58c84228edcf437ee2cd4,"Bill Medley, Jennifer Warnes - (I've Had) The Time Of My Life (Official HD Video)",
96,Piu bella cosa,Eros Ramazzotti,1996,https://www.youtube.com/watch?v=eTOKcxIujgE,6c86461c1453510a66d32800a0c0c42363f231454308fd08c9c98a8c6e6c55d8,Eros Ramazzotti - Più Bella Cosa (Official Video),
97,No Son Of Mine,Genesis,1991,https://www.youtube.com/watch?v=cddQn1mZRfI,0be62a3ed262129f0bdd2368b155e4de6c2490026e7bc6b97e150c21cef971f1,Genesis - No Son Of Mine (Official Music Video),
98,Happy,Pharrell Williams,2013,https://www.youtube.com/watch?v=ZbZSe6N_BXs,7878bf7cbe23768f8a8f4b541acdee6f6a9edf95f761e3839b03082897a9d4fc,Pharrell Williams - Happy (Video),
99,Wonderwall,Oasis,1995,https://www.youtube.com/watch?v=FVdjZYfDuLE,8048295e218cc2632bf115afcb070617b374e672180dd7f0ed63fd5ffdb1e172,Wonderwall (Remastered),
100,You Can't Hurry Love,The Supremes,1966,https://www.youtube.com/watch?v=nq_TX5ZR0rU,4fd29c710574084a562ab34b45e78331357225ac7d5fb684a19f4bcdd337f48a,You Can't Hurry Love (Mono),
101,Gold Digger,"Kanye West, Jamie Foxx",2005,https://www.youtube.com/watch?v=6vwNcNOTVzY,a68f070659726466d67f15213b0a9e51160183cca90a34e6284e90cbb02ad867,Kanye West - Gold Digger ft. Jamie Foxx,
102,Ich will Spass,Markus,1982,https://www.youtube.com/watch?v=UW7lB7p0Eow,5bcef36af3b1bded7170dcda13efdc8996256d632749ac21561ec3614fee86ef,Markus - Ich will Spass (ZDF Hitparade 05.07.1982) (VOD),
103,Lady - Hear Me Tonight,Modjo,2000,https://www.youtube.com/watch?v=vRB1MLGEHSc,b7de8bd17e941a1ba60836ef68c6615ab5d5257e4d1efcabca7e02957eaaf304,Modjo - Lady (Hear Me Tonight) (Radio Edit) (HQ),
104,She Drives Me Crazy,Fine Young Cannibals,1988,https://www.youtube.com/watch?v=UtvmTu4zAMg,0c7a6a595c2deee6409e0b92d0cf7c0d3a34ff2297bf4f29f2518ef1bc656239,Fine Young Cannibals - She Drives Me Crazy (Official Video),
105,Heimweh (Dort wo die Blumen blüh'n),Freddy Quinn,1956,https://www.youtube.com/watch?v=CNwsXRsvVWE,dbdf0faf86bc492b77687204ac44b29a9869fa31dd58c76e34dc40ffb84eac41,Heimweh (Dort wo die Blumen blüh'n),
106,Moskau,Dschinghis Khan,1979,https://www.youtube.com/watch?v=lyuFLU2Zqz0,9b308b77acd3ad55c2f6d26d89f2372ff0efd97b84eaaffecc0c3c3e15565618,Dschinghis Khan - Moskau (Starparade 14.06.1979),
107,Cotton Eye Joe,Rednex,1994,https://www.youtube.com/watch?v=mOYZaiDZ7BM,d637f3c9f68734dbef99dd0800b99de1edbd0bf0f66241f49f200b66a41e4678,Rednex - Cotton Eye Joe (Official Music Video) [HD] - RednexMusic com,
108,I Can Help,Billy Swan,1974,https://www.youtube.com/watch?v=bgPsM-YWBrE,f38f931369cc6616d25424b1ff3585ac72193ec0c867c80c7abea4979ce7b15f,Billy Swan - I Can Help (Audio),
109,Dancing In the Dark,Bruce Springsteen,1984,https://www.youtube.com/watch?v=129kuDCQtHs,4ac853f3ce1ead2aacbb4c19965824912b1256d848fad56d41a9c8c11102561c,Bruce Springsteen - Dancing In the Dark (Official Video),
110,Day-O (The Banana Boat Song),Harry Belafonte,1956,https://www.youtube.com/watch?v=YO7M0Hx_1D8,3aa3ea8f92208d8d33510adb6870a70dba08abc279b3d1c655a08a76f6254ee2,Day O (Banana Boat Song),
111,Ich will 'nen Cowboy als Mann,Gitte Haenning,1963,https://www.youtube.com/watch?v=zOcyefACvws,1d428b4239931dba3f72c2752e4e7126e547348fe37b54c2916aaf1376e9b769,Ich will 'Nen Cowboy Als Mann,
112,Break My Heart,Dua Lipa,2020,https://www.youtube.com/watch?v=Nj2U6rhnucI,d9e434efde0a04e878c73b356dac6822f82ea6cf7f6d8df172be0c64be3b618a,Dua Lipa - Break My Heart (Official Video),
113,Wrecking Ball,Miley Cyrus,2013,https://www.youtube.com/watch?v=My2FRPA3Gf8,65cb43cc6d82622bc75d273400f803e139d7fecdae4b7fbbee4b5963f63bfcba,Miley Cyrus - Wrecking Ball (Official Video),
114,Jailhouse Rock,Elvis Presley,1957,https://www.youtube.com/watch?v=PpsUOOfb-vE,02242b58761eecaa7e201aefe62d48e2dd19cd3c0dae307f2ae401ec30cfb58a,Elvis Presley - Jailhouse Rock (Official Audio),
115,Adore You,Harry Styles,2019,https://www.youtube.com/watch?v=VF-r5TtlT9w,e8998222d714f357acdc31576f39d67fd75abadb09cbb77de430365a3ea21ec1,Harry Styles - Adore You (Official Video),
116,Good Golly Miss Molly,Little Richard,1958,https://www.youtube.com/watch?v=ZVQV-1Fzl3w,344de94cd6857a876944c49a57f5375afa9630f92ac13638a62c01d652ce4da2,Little Richard - Good Golly Miss Molly,
117,The Ketchup Song ,Las Ketchup,2002,https://www.youtube.com/watch?v=V0PisGe66mY,2d2eaddd42a084ac2fc68b52eb9eb8c8e74e38bebcb6a9c166b976b5ac46bc88,Las Ketchup - The Ketchup Song (Asereje) (Spanish Version) (Official Video),
118,"Relax, Take It Easy",MIKA,2007,https://www.youtube.com/watch?v=RVmG_d3HKBA,07f03f7236980c1ed3a95cdfdb6c592b7949fa22b7d02a9ed4b76fffe1125ee9,"MIKA - Relax, Take It Easy",
119,I'm a Believer,The Monkees,1966,https://www.youtube.com/watch?v=4PQAqprjOuA,21d3dac8e7a7ac97bf491f7ff5ba02203dd8cdcfa9155e06c6053add1ec3896f,I'm a Believer,
120,Schuld war nur der Bossa Nova,Manuela,1963,https://www.youtube.com/watch?v=Gnmq27MCkFY,63d3a7eaae092abead2b99a0de8aec9c0e52cee6b55f5f8991d0d71be5947ba7,Schuld war nur der Bossa Nova,
121,I Love It (feat. Charli XCX),"Icona Pop, Charli XCX",2012,https://www.youtube.com/watch?v=UxxajLWwzqY,bf58948144d80df8b1175924b623af9d76f6229cfdb003d6087efa5c33a834a5,Icona Pop - I Love It (feat. Charli XCX) [OFFICIAL VIDEO],
122,World Hold on (Children of the Sky),Bob Sinclair,2006,https://www.youtube.com/watch?v=XpdpW0z9xnQ,75b36c8feb13bf8f15a35ca2277903f25791e5a27f91b4e25d4376d19cf9a1c7,Bob Sinclar - World Hold On (Official HD Video),
123,Born To Be Wild,Steppenwolf,1968,https://www.youtube.com/watch?v=93fAJe8WVjA,1eacb6a1259de601de99851ad0e9e1881c499f00dba9a122943f2df049fcd6d7,Born To Be Wild,
124,Valerie (feat. Amy Winehouse),"Mark Ronson, Amy Winehouse",2007,https://www.youtube.com/watch?v=bixuI_GV5I0,6a5c6885b5003780be74db9a294f157a754b460ba02a4f8d6c84b192a01e7c64,Mark Ronson ft. Amy Winehouse - Valerie (Official Video),
125,(What A) Wonderful World,Sam Cooke,1960,https://www.youtube.com/watch?v=R4GLAKEjU4w,91124220bb99da989fc572f9c5a3e6ee3b6c7049138b4d3d86d9719dfbe53b69,Sam Cooke - What A Wonderful World (Official Lyric Video),
126,Männer,Herbert Grönemeyer,1984,https://www.youtube.com/watch?v=UEJNMkEr1Ls,8afe74e1fd3f675f59b8e1cd72820028d2bf2a53121f69df74a219704014af5b,Herbert Grönemeyer Männer,
127,You Get What You Give,New Radicals,1998,https://www.youtube.com/watch?v=DL7-CKirWZE,213f1610c0822e003aac9dfa5fc861c3d5e32903904700a4342638a4efa77fda,New Radicals - You Get What You Give (Official Music Video),
128,Mama,Heintje,1968,https://www.youtube.com/watch?v=u0yqKrGKukE,c19d87e9bac904df82aeade04dc10501c5a33e31d8a8aa29f6cf853960134018,Heintje - Mama (German version),
129,My Heart Will Go On,Celine Dion,1997,https://www.youtube.com/watch?v=9bFHsd3o1w0,9a03e20bb4e66cfffcb5cdeeb5c4750efa106d43326d561ab2c5bdfb6620b208,Céline Dion - My Heart Will Go On (Official 25th Anniversary Alternate Music Video),
130,Dancing On The Ceiling,Lionel Richie,1986,https://www.youtube.com/watch?v=ovo6zwv6DX4,8af330205e51cfe7b5ac16b184ea2eb1664ddd7cacb2da579a78fae713202f7f,Lionel Richie - Dancing On The Ceiling,
131,Give It Up,KC & The Sunshine Band,1982,https://www.youtube.com/watch?v=N2Gi4Y4JzOA,184e9e24ec26dd928e728488538ef7ba5d88cb43a5ff75ff590f5298fb104101,KC - Give It Up (Digital Video),
132,Feel,Robbie Williams,2002,https://www.youtube.com/watch?v=iy4mXZN1Zzk,160712ce3309fa63f13b1dc09952403745bda0d510dc7ac80263090ddfe84da3,Robbie Williams - Feel,
133,How You Remind Me,Nickelback,2001,https://www.youtube.com/watch?v=hhSLkkLl750,f52eaa9ef7ec96166acba718d78423498788921c9bd9ab290633f700b53b4c80,How You Remind Me,
134,Got My Mind Set On You,George Harrison,1987,https://www.youtube.com/watch?v=SuJuJA5k44Y,f261b62785dacaad17f15f42ab2ce29868af2d9b1ee06dd67f27691d208ecac4,Got My Mind Set on You (2009 Remaster),
135,Verdammt lch lieb' dich,Matthias Reim,1990,https://www.youtube.com/watch?v=fKV_Ma9T5N8,91e920389067585587d8ceb895ebfc7bfb22ba42e69366da2e98b040d86eee04,Verdammt Ich lieb' dich,
136,I Like To Move It,Reel 2 Real,1993,https://www.youtube.com/watch?v=_NkpHLq76ro,ae1294328345be1ee75a7a01b86b3bce2dd8c70393d737afc72330b56e61af50,"I Like To Move It (feat. The Mad Stuntman) (Erick ""More"" Album Mix)",
137,Don't You Want Me,The Human League,1981,https://www.youtube.com/watch?v=uPudE8nDog0,56b68d511f79803835481bfc89221ade5e326bfa0b430dca9dd3de4270d411e8,The Human League - Don't You Want Me (Official Music Video),
138,Drei Uhr Nachts,"Mark Forster, LEA",2021,https://www.youtube.com/watch?v=fDSOhYhORiw,432b1ac9846fedc0d343a3f273a6aa91239017925fef58e49118e8f8b2b336f2,"Mark Forster, LEA - Drei Uhr Nachts (Official Video)",
139,Westerland,Die Ärzte,1988,https://www.youtube.com/watch?v=G-NrSn3K6gM,4eef0c74ac30027a6f331ccaefc6bd4efb58039b0eedb5c1c2a688a80ef6fcc0,Die Ärzte - Westerland,
140,Every Breath You Take,The Police,1983,https://www.youtube.com/watch?v=OMOGaugKpzs,b76d28067187df678c0ec77d5b5d7e7ccb97674c33b0e01390a179add62e12c8,The Police - Every Breath You Take (Official Music Video),
141,Bitter Sweet Symphony,The Verve,1997,https://www.youtube.com/watch?v=1lyu1KKwC74,bc487057389be8a9756812a9fe0f147f9477c47bf1a9f651963558bb49356f33,The Verve - Bitter Sweet Symphony,
142,Gettin' Jiggy Wit It,Will Smith,1998,https://www.youtube.com/watch?v=3JcmQONgXJM,65b22f5c758b3e945a8a8f775d0932a3ba99197eee7ede437e0fb4c520594ae1,Will Smith - Gettin' Jiggy Wit It,
143,Barbie Girl,Aqua,1997,https://www.youtube.com/watch?v=ZyhrYis509A,4ec84791e752727447fee9409ad9b992b875260dc520cb91a7fa812ef0b966e4,Aqua - Barbie Girl (Official Music Video),
144,Pack Die Badehose Ein,Cornelia Froboess,1951,https://www.youtube.com/watch?v=Jq755GRl4E0,ed8a0fbc2b6d186ef8172c76c7214241fbefcd6912db5dab5901369b585fdff5,Pack die Badehose ein,
145,Torn,Natalie Imbruglia,1997,https://www.youtube.com/watch?v=UOJkzcJigGI,9554dbb66651062b6373814367c59d3dc41239309865b5a07694a06df49178b0,Natalie Imbruglia - Torn (Official Audio),
146,The Wanderer,Dion,1961,https://www.youtube.com/watch?v=SbYa7NBYyRc,30f85eb0e4d108a63a7f71beaf20508c7e1a47526a3c3c49f7c67c19f3a1e1dd,The Wanderer,
147,La Bamba,Ritchie Valens,1958,https://www.youtube.com/watch?v=t-L19Qt-ozI,e34e25b5b7e47c2eae8cd6cc199c3fa939f24b5f3963a728d473ac86ce6bc081,La Bamba,
148,Toosie Slide,Drake,2020,https://www.youtube.com/watch?v=dGYxT1QReQs,697d6ab65aacbabd071157e356a3063a9bd30914f0f237fcff179c12e7250e76,Drake - Toosie Slide (Official Explicit Audio),
149,drivers license,Olivia Rodrigo,2021,https://www.youtube.com/watch?v=ZmDBbnmKpqQ,dc1d06e68090195f0333b79562a2001c0db8b35712e9901056dfa5fe16ae1bcb,Olivia Rodrigo - drivers license (Official Video),
150,Moves Like Jagger,"Maroon 5, Christina Aguilera",2011,https://www.youtube.com/watch?v=iEPTlhBmwRg,2b716c86361ebe3c0f510d0bc0c265eaaf9d6b92d66a27aff317e92c8bd3727f,Maroon 5 - Moves Like Jagger ft. Christina Aguilera (Official Music Video),
151,Atemlos durch die Nacht,Helene Fischer,2013,https://www.youtube.com/watch?v=haECT-SerHk,db46985e2263c973a48b0fb582c42a76c14c824993c6c7486303e2ad4c7128b5,Helene Fischer - Atemlos durch die Nacht,
152,Stop,Spice Girls,1998,https://www.youtube.com/watch?v=5JD6ejmlpa8,5e7ebfd261089369cd98c071aac6b350e188ddaafc988438855509970975c78e,Spice Girls - Stop (Official Music Video),
153,If You Had My Love,Jennifer Lopez,1999,https://www.youtube.com/watch?v=lYfkl-HXfuU,e079687389041a494a6f98606b6d095ac9567a43af55e8f9419f05fdc42bdd86,Jennifer Lopez - If You Had My Love (Official Video),
154,More Than a Feeling,Boston,1976,https://www.youtube.com/watch?v=DCZNFmHJbV8,47c53cc35a5ce8cbee2606458147d577159f9313b59230c8833eff224c75704e,More Than a Feeling,
155,Disco Inferno,The Trammps,1976,https://www.youtube.com/watch?v=pG8TyIEAqps,f15ee3131a2d908968d9b121926bf4e113a6adaf588f9c5c5a39bbb6a7fe1b49,Disco Inferno (Edit),
156,Someone You Loved,Lewis Capaldi,2018,https://www.youtube.com/watch?v=zABLecsR5UE,e241a75ba8552726c53bf011d3ae0d00fb08cabfb08907a5d34a7a1bdb9f1207,Lewis Capaldi - Someone You Loved,
157,"MIEF! (Nimm mich jetzt, auch wenn ich stinke)",Die Doofen,1995,https://www.youtube.com/watch?v=gyrMA-pu6y8,864ccc8606fe6543e53e52d32d48b552af0f9277c111523ca02df87d1df98149,"Die Doofen - Mief (Nimm mich jetzt, auch wenn ich stinke) Official Video",
158,Sweet Child O' Mine,Guns N' Roses,1988,https://www.youtube.com/watch?v=1w7OgIMMRc4,8bbb3d50902f23f1d517b1e11021a6ce06eabef12796645bc49fab8f3c86b9f2,Guns N' Roses - Sweet Child O' Mine (Official Music Video),
159,Your Song,Elton John,1970,https://www.youtube.com/watch?v=FT3D1Cu6g10,cd4fcee7a74668065835d0ec921dc71881088260f3de52b450e29adfc26ec4a6,Your Song,
160,Congratulations,Cliff Richard,1968,https://www.youtube.com/watch?v=770f-pwPe4o,c0427a75afd3077b47fdb332bc73fb4c535d6173857dd4c90e19462228a6413f,Congratulations,
161,You're So Vain,Carly Simon,1972,https://www.youtube.com/watch?v=j13oJajXx0M,65404ec60abd91fd489837973aaaf811874f9b6e7d67105a858596bbc1db2f8f,Carly Simon - You're So Vain,
162,Easy,Commodores,1977,https://www.youtube.com/watch?v=0XRrYgByp28,76ad74d8baf857c22dbd965267cbf2bbe63205251beb21776e4e7a5e19436a77,Easy,
163,Forever Young,Alphaville,1984,https://www.youtube.com/watch?v=t1TcDHrkQYg,3f1f69bc30822068f62216b4835683159b2562b0acc83672c782435cc38adc84,Alphaville - Forever Young ~Official Video,
164,Maneater,Daryl Hall & John Oates,1982,https://www.youtube.com/watch?v=yRYFKcMa_Ek,b6f9594aba3ce1a1261f6784e4f6505b41b35b55ede645da89a40611fed6fd93,Daryl Hall & John Oates - Maneater (Official Video),
165,Rock Me Amadeus,Falco,1985,https://www.youtube.com/watch?v=OKxBk4V79Co,75a13647a1556aa71662f3852ad92a2a9e5e67c540b4ba97c6a8363696bc4533,Rock Me Amadeus,
166,I Got You Babe,Sonny & Cher,1965,https://www.youtube.com/watch?v=HKGjCPBSG38,213677cf436506f8b111185a335756c9c5545b7a0993094c740aedd63a2dac60,Sonny & Cher - I Got You Babe (Official Audio),
167,Junge,Die Ärzte,2007,https://www.youtube.com/watch?v=iK-1oGphELM,ae176d93794cb2294e913f6e0795d15583b4339397abe552a3872d045d777a50,die ärzte - Junge (Offizielles Video - Refurbished 2025),
168,Everywhere,Fleetwood Mac,1987,https://www.youtube.com/watch?v=YF1R0hc5Q2I,3bf4dec3aec3dadc4e8aaa02bc3e9ef046799b42af3c035db728ee79c3d02eeb,Fleetwood Mac - Everywhere (Official Music Video),
169,Zombie,The Cranberries,1994,https://www.youtube.com/watch?v=6Ejga4kJUts,a9b2d2165aabf842bb82f500dff4a6966df18dd824bcd5ddd3f49e2e01fb36dc,The Cranberries - Zombie (Official Music Video),
170,Barbra Streisand,Duck Sauce,2010,https://www.youtube.com/watch?v=wWhtcU4-xAM,967a273c2e0550ffc94dbe47cd58349df0dc0f662a16db5c1f8ffb16db2a3b67,Duck Sauce - Barbra Streisand (Official Video),
171,No One,Alicia Keys,2007,https://www.youtube.com/watch?v=rywUS-ohqeE,9bf34f95419ac6f733d3f2ffda9d0773f7e78c63b179ad776f11bfef931e40f4,Alicia Keys - No One (Official Music Video),
172,I Knew You Were Waiting (For Me),"George Michael, Aretha Franklin",1987,https://www.youtube.com/watch?v=fDxzQJaA228,566921bced82a4803fc5a222b1425cf37ba37130d3feb828dd6376b6e2b89fb0,"George Michael, Aretha Franklin - I Knew You Were Waiting (For Me) (Official Video)",
173,"December, 1963 (Oh What a Night!)",Frankie Valli & The Four Seasons,1975,https://www.youtube.com/watch?v=mTUhnIY3oRM,0b2cdf8c60463402da9aa2fe7a7f92cbdfa31a42b04723609c04952e48a42015,"Frankie Valli & The Four Seasons - December, 1963 (Oh, What a Night) (Official Music Video)",
174,4 Minutes (feat. Justin Timberlake and Timbaland),Madonna,2008,https://www.youtube.com/watch?v=aAQZPBwz2CI,4aad9212d6a9380ec1d65de22d82a21bcf14d1ceeb4649ae547b816597ac51f4,Madonna - 4 Minutes feat. Justin Timberlake & Timbaland (Official Video) [4K],
175,Autobahn,Kraftwerk,1974,https://www.youtube.com/watch?v=MOaDUBxAoVI,b8aef6a957f3ab6ea2104b4824c2f44e8209d638b55e02c5b9fc85d8db2a57b0,Autobahn (2009 Remaster),
176,She's A Lady,Tom Jones,1971,https://www.youtube.com/watch?v=x8G4xrYfWmw,5a2441c5efa26b1761c776310b7cb16534e0746003d7d9ac7773a76d5d800352,She's A Lady,
177,Señorita,"Shawn Mendes, Camila Cabello",2019,https://www.youtube.com/watch?v=Pkh8UtuejGw,2be1552ff02d3575a16c11d088aa8dbf5bcb809d506489f3cd953c01948af58d,"Shawn Mendes, Camila Cabello - Señorita",
178,Killing Me Softly With His Song,Fugees,1996,https://www.youtube.com/watch?v=oKOtzIo-uYw,de08a4bae805d889b0cc80cd643feb316804e46b89dba33d7f60ed6b9dfe4504,Fugees - Killing Me Softly With His Song (Official Video),
179,Oops!...I Did It Again,Britney Spears,2000,https://www.youtube.com/watch?v=CduA0TULnow,65c7bdbc7c33c64fc34c3ccca6a7bb3378610c7d57e89c6ee401f2f0ada38572,Britney Spears - Oops!...I Did It Again (Official HD Video),
180,Nur noch kurz die Welt retten,Tim Bendzko,2011,https://www.youtube.com/watch?v=4BAKb2p450Q,c2118de1b2c215a95c6467860a251ed3efd40e3876a8f9c1c222e5cb80b9d872,Tim Bendzko - Nur Noch Kurz Die Welt Retten (Offizielles Video),
181,Whatcha Say,Jason Derulo,2009,https://www.youtube.com/watch?v=pBI3lc18k8Q,651d02475c126c8677eae82458be98e79bfd7bf219f9dd7a63ddc4f712545ac2,Jason Derulo - Whatcha Say [Official Music Video],
182,Abenteuerland,Pur,1995,https://www.youtube.com/watch?v=XC-HspEa2vs,03f47bbfc82e389e6f32a39b0e977e42fc121362871218188bafb856da8849b0,PUR - Abenteuerland,
183,Talk,Coldplay,2005,https://www.youtube.com/watch?v=EH9meoWmAOM,f86821093cc3957da144e66965492876ee2a543e0c62dac5ec5c026972a5c4f8,Coldplay - Talk (Official Video),
184,Somebody That I Used to Know (feat. Kimbra),Gotye,2011,https://www.youtube.com/watch?v=8UVNT4wvIGY,712e9f4e78d7806433b22a008b08be8efb36688507aacc9d08933551914c9e35,Gotye - Somebody That I Used To Know (feat. Kimbra) [Official Music Video],
185,Fast Car,Tracy Chapman,1988,https://www.youtube.com/watch?v=AIOAlaACuv4,f725ae6d64a1b8d739ff2495663ed9af00babc422df55f993f4f5e71b80c965e,Tracy Chapman - Fast Car (Official Music Video),
186,The Living Years,Mike + The Mechanics,1988,https://www.youtube.com/watch?v=5hr64MxYpgk,95201c98d733159513b9c92e39dc89173d1c9c63c9f046718bb5ac691e4cefa7,Mike + The Mechanics - The Living Years (Official Video),
187,Ab in den Süden,Buddy,2003,https://www.youtube.com/watch?v=q5WdWSpz1vQ,ac3d5373823de666f0b2bc146e9408c561c6578c11a32f95dfc063e1476befd7,Ab in den Süden,
188,The Boy Is Mine,Brandy & Monica,1998,https://www.youtube.com/watch?v=qSIOp_K5GMw,395e330c23fc539a540afa9bbb2f6610098a034638c8e67aa886671db881de33,Brandy & Monica - The Boy Is Mine (Official Video),
189,All I Have to Do Is Dream,The Everly Brothers,1958,https://www.youtube.com/watch?v=56cKlT62wrQ,f4c15a326bd9dcd624e48ec8180a217caa6456dd0ffc7a79ecb0223c5aebcf1d,All I Have to Do Is Dream,
190,Surfin' U.S.A.,The Beach Boys,1963,https://www.youtube.com/watch?v=KcZn05qxVgg,102c56bcfc1b092cdf633cde6a9876bc015350f1893a03f66342043a0fc54e1c,Surfin' U.S.A. (Stereo),
191,Whole Again,Atomic Kitten,2001,https://www.youtube.com/watch?v=1V0xQkk9kbc,7d6ea36e815d0661f434eb85c85e788aa97693c18beefbad91d7b817f6b93578,Atomic Kitten - Whole Again (Official Video),
192,Right Here Waiting,Richard Marx,1989,https://www.youtube.com/watch?v=S_E2EHVxNAE,77f87e7cb4b3d44591a338c76c12040395fe3cc142a2f7ef059009bf5c2b3949,Richard Marx - Right Here Waiting (Official Music Video),
193,Geboren um zu leben,Unheilig,2010,https://www.youtube.com/watch?v=1YOovPkiMrk,c10c326297284a4f7823d9296f819715ac04742d2dc2bc1695a021255cbb9f8c,Unheilig - Geboren um zu leben (Official Video),
194,Die Nacht von Freitag auf Montag,SDP feat. Sido,2012,https://www.youtube.com/watch?v=388e_8mu1t4,785dfa17a45b0107b17660b11aed93a8af2548ba11de59553948b4650c01d1c2,SDP feat. Sido - Die Nacht von Freitag auf Montag,
195,Fallin',Alicia Keys,2001,https://www.youtube.com/watch?v=Urdlvw0SSEc,77a24b17619093736abc0ba771cc55b41c4e24ce81d4491eba2e8f8854d2b4b8,Alicia Keys - Fallin' (Official HD Video),
196,Firework,Katy Perry,2010,https://www.youtube.com/watch?v=QGJuMBdaqIw,9720e0b5fd900bbaf5f9721953d2cd904163e35b012a6b0bb846a291fffcc230,Katy Perry - Firework (Official Music Video),
197,Genie In A Bottle,Christina Aguilera,1999,https://www.youtube.com/watch?v=kIDWgqDBNXA,cc8aedb31c217d8fb7de7985e4f5de12c1d6a6a96ee99a186d02eea8dfc0aab0,Christina Aguilera - Genie In A Bottle (Official Video),
198,Euphoria,Loreen,2012,https://www.youtube.com/watch?v=t5qURKt4maw,00d5b136e9730ec4b9c3b9216a4a04b8bfee5f61c6966a3902c352ff1292129c,Loreen - Euphoria (Official Audio),
199,Africa,TOTO,1982,https://www.youtube.com/watch?v=FTQbiNvZqaY,7bca89f29ffc2a3f692285af89d200b2ad045e02c99ff4e75cceb8f4864b93f0,Toto - Africa (Official HD Video),
200,At The Hop,Danny & The Juniors,1957,https://www.youtube.com/watch?v=SEPvoNA1OGw,2dc1e2e52f8cda83b8c2a7cdac18aa256d13a4efe023aac7913051d19a7acfc2,At The Hop,
201,Mr. Vain,Culture Beat,1993,https://www.youtube.com/watch?v=VAmq5-wcLHE,66f01088a5ee4c7b5dff70303aff4b45174511c94aae748d827f52a830a6a092,Mr. Vain (Original Radio Edit),
202,Sweet Dreams (Are Made Of This),"Eurythmics, Annie Lennox, Dave Stewart",1983,https://www.youtube.com/watch?v=qeMFqkcPYcg,23a5acbbee8a4393a5085c3bfe5daaabfe5f079e40a538048b2cde7eb2e2cbb0,"Eurythmics, Annie Lennox, Dave Stewart - Sweet Dreams (Are Made Of This) (Official Video)",
203,All About That Bass,Meghan Trainor,2014,https://www.youtube.com/watch?v=7PCkvCPvDXk,f5a42a284d5a2121e0c0b984a2a74622cbc0cad3a5786344080f9aa556b441f6,Meghan Trainor - All About That Bass (Official Video),
204,Don't Dream It's Over,Crowded House,1986,https://www.youtube.com/watch?v=J9gKyRmic20,269c799f42b474a20c84714265ec616febcf227160290e333f54afaedf130baf,Crowded House - Don't Dream It's Over (Official Music Video),
205,Purple Rain,Prince,1984,https://www.youtube.com/watch?v=edDiY323768,7707c2be952d21dc9f0a01f6a23c725a14fc0b2f6dae35472964e8d14d5a4ed0,Purple Rain,
206,All of Me,John Legend,2013,https://www.youtube.com/watch?v=450p7goxZqg,da23e6c481ce3cc0ed6aaf1defb3a67a2a98d8eff706493dea533fc6fe64e9e2,John Legend - All of Me (Official Video),
207,Schöner fremder Mann,Connie Francis,1964,https://www.youtube.com/watch?v=X6OUwtI9J5E,03c0a3d12b9aca1f38d0b0504738f1da1435e4628f363275b1298cd9738532a0,Schöner fremder mann,
208,Love Is All Around,Wet Wet Wet,1994,https://www.youtube.com/watch?v=h3gEkwhdXUE,9f0eb5d23c7180176c8a5657d25f3b14a0475dff791c9440a3964462c4e329b1,Wet Wet Wet - Love Is All Around,
209,Gangsta's Paradise,Coolio feat. L.V.,1995,https://www.youtube.com/watch?v=SQCSxqScSVQ,9671195cc3c447074a88e66a76f6375b3a9cb9b53e16be0558ea9a64e16dd116,Coolio - Gangsta's Paradise (Official Music Video) [HD] ft. L.V.,
210,See You Later Alligator,Bill Haley & His Comets,1956,https://www.youtube.com/watch?v=Y5b2R6SE26Y,6bf554ef7a139b87ed9c0dee7a0b0b7398c7ef88f3af26f0dbe99deaa8200965,See You Later Alligator,
211,Jump Around,House Of Pain,1992,https://www.youtube.com/watch?v=jrL_LzX5wv4,ab2ba38523df79f5fa2f596b0dd41b8d0f0f666b6fc44281a5f66dd1a7cd3e3b,House of Pain - Jump Around (Official Music Video) [HD],
212,Nothing Compares 2 U,Sinéad O'Connor,1990,https://www.youtube.com/watch?v=0-EF60neguk,a4f66fd8794f3c92ed8358f839f112cddb139fdba8084fe93df263f2a9a3a0ec,Sinéad O'Connor - Nothing Compares 2 U (Official Music Video) [HD],
213,Engel,Rammstein,1997,https://www.youtube.com/watch?v=x2rQzv8OWEY,ed81798827eaa35a3c018079af13b77fd6aa7e1899b8ccf8fdd690c1eb23e5f0,Rammstein - Engel (Official Video),
214,Because of You,Kelly Clarkson,2005,https://www.youtube.com/watch?v=Ra-Om7UMSJc,aec78f643cb0750924dd3d5d8c0e98b4058e46c8323ff8e55f1dc242525c2390,Kelly Clarkson - Because Of You (VIDEO),
215,Du trägst keine Liebe in dir,Echt,1999,https://www.youtube.com/watch?v=7fUpaXxPgMI,f869c06bb838e7b098018eb69dd82560ac8de1890024c802ef1679b5b0fc8f05,Echt - Du trägst keine Liebe in dir (Offizielles Musikvideo),
216,Part-Time Lover,Stevie Wonder,1985,https://www.youtube.com/watch?v=MpDM6ygsb20,98f1be472c7c118426f7556cedb543888fa29113a9d9abf92159fed3159c5319,Part-Time Lover,
217,Walk Of Life,Dire Straits,1985,https://www.youtube.com/watch?v=kd9TlGDZGkI,cd16ba15c594edd00fab50e8ac58f2429626cffbd085be68e19501510763a341,Dire Straits - Walk Of Life (Official Music Video),
218,All That She Wants,Ace of Base,1992,https://www.youtube.com/watch?v=d73tiBBzvFM,91dd79382514510ddd81d9f37d7cc1965e1e4c69f5f3a2396863be6bb6489c19,Ace of Base - All That She Wants (Official Music Video),
219,Alles nur geklaut,Die Prinzen,1993,https://www.youtube.com/watch?v=yMR45cZbvDw,548b33d353e04e2fcb1faf7fdc97cabf4f7725c048bd8f205f77d26f389cdc0d,Die Prinzen - Alles nur geklaut (Offizielles Musikvideo),
220,Waterloo,ABBA,1974,https://www.youtube.com/watch?v=Sj_9CiNkkn4,c646d8b8ee151cfc64a3035caf9e94a1cadfd70ce317c6edf68ff3cec415506d,ABBA - Waterloo (Official Music Video),
221,Heaven,Bryan Adams,1985,https://www.youtube.com/watch?v=s6TtwR2Dbjg,e773414de10559882a0ce4373d589e2e33501f165e723d427afb32ea29ee5d28,Bryan Adams - Heaven,
222,Durch den Monsun,Tokio Hotel,2005,https://www.youtube.com/watch?v=S_Sy5-sOodA,d7306ac652e2d4a3b5beae4bc46e1249ee1ad32676292d0840af178813804387,Tokio Hotel - Durch Den Monsun,
223,The Locomotion,Little Eva,1962,https://www.youtube.com/watch?v=HiN03MTBCYo,49341028d8fa8a5e6efe6230fbf8c4ce56597dbcf9292a4c2a0febb21f23747a,The Locomotion (Remastered),
224,Smells Like Teen Spirit,Nirvana,1991,https://www.youtube.com/watch?v=hTWKbfoikeg,24463589897e88323496df7a01d934b95debb1b092383c8f3e96efdcad0ce5f2,Nirvana - Smells Like Teen Spirit (Official Music Video),
225,Fly Away,Lenny Kravitz,1998,https://www.youtube.com/watch?v=EvuL5jyCHOw,22ac06d7b5f66eae30835879a0bfa2e76c072dcff6334dfebf8755b09c199d33,Lenny Kravitz - Fly Away (Official Music Video),
226,Smalltown Boy,Bronski Beat,1984,https://www.youtube.com/watch?v=88sARuFu-tc,4854a0c51fd1d119b8e04e79528844b7e915fc8a4223f5c2e4ee3ce6280b3552,Bronski Beat - Smalltown Boy (Official Video),
227,Ring of Fire,Johnny Cash,1963,https://www.youtube.com/watch?v=1WaV2x8GXj0,55ed1d5ee92da1b861b27d8782c3057a5b8ad2ef93537220ea7fd48cef46281f,Ring of Fire,
228,These Boots Are Made for Walkin',Nancy Sinatra,1965,https://www.youtube.com/watch?v=GM1kzbAgo_E,c4b630358560e4b898aa79ea3b904648939bc1df7f66ba68a3647b4c122feeb9,Nancy Sinatra - These Boots Are Made For Walkin' (Official Music Video),
229,Price Tag ft. B.o.B,Jessie J,2011,https://www.youtube.com/watch?v=qMxX-QOV9tI,5345f48b25f516529c3d567e59c8278a418c3f5cc15c2d6f7b26adf089cb215d,Jessie J - Price Tag ft. B.o.B,
230,Itsy Bitsy Teenie Weenie Honolulu Strand Bikini,"Caterina Valente, Silvio Francesco",1960,https://www.youtube.com/watch?v=xxSPQGaGqd0,b3d47ca4c341af388a930d15c25641b0f9b94d871d444f2f7576e52fb3f72ef7,Itsy Bitsy Teenie Weenie Honolulu Strand Bikini,
231,Informer,Snow,1992,https://www.youtube.com/watch?v=TSffz_bl6zo,f343f18882713c1d6ad1d79d11551e1763604c7662d048477e266fe64a27a4f5,Snow - Informer (Official Music Video) [4K Remaster],
232,Das Beste,Silbermond,2006,https://www.youtube.com/watch?v=LyYAQHDMqfA,ce8fe59f11dcf39d78ed6098e5ca29321bff3ec67cbe76aed4fa3043757f5cfb,SILBERMOND - Das Beste (Offizielles Musikvideo),
233,Celebration,Kool & The Gang,1980,https://www.youtube.com/watch?v=3GwjfUFyY6M,cfeb9c93963d34289364d6aa7859feeab8e04e96584f6e68274fee8c9d6c3492,Kool & The Gang - Celebration,
234,Believe,Cher,1998,https://www.youtube.com/watch?v=nZXRV4MezEw,edfccfef7fd8319c6b775b34baf108c16b4733f66b8f8753a46d76b233858b31,Cher - Believe (Official Music Video) [4K Remaster],
235,Knock On Wood,Amii Stewart,1979,https://www.youtube.com/watch?v=oLS57N4kUN0,5ef2efbe7d8da6f7d304db48bcb3af65262f5fae132a57b7fe62ec86738d04f0,"Knock on Wood (7"" Edit)",
236,Mercy,Duffy,2008,https://www.youtube.com/watch?v=y7ZEVA5dy-Y,4f412ef1b578bef324da62e6ff5a104904b7a4584da63d912a5290323abde92a,Duffy - Mercy,
237,We Are Family,Sister Sledge,1979,https://www.youtube.com/watch?v=lJh4L8NMHfw,b5638b10f9a68bd4ab73220e155c51193787f2f29c5390048e5c33280b30300f,We Are Family,
238,In the Summertime,Mungo Jerry,1970,https://www.youtube.com/watch?v=wvUQcnfwUUM,55b5579c419fff8cfb58dab8b4e75c0110d6ea74a2a7cb0a662b3a3d2c13217c,Mungo Jerry - In The Summertime ORIGINAL 1970,
239,Return of the Mack,Mark Morrison,1996,https://www.youtube.com/watch?v=uB1D9wWxd2w,b93e7b07f34c8bec8f02fc4548abc643a22ad6e150ecc7638f2b7205dfb54981,Mark Morrison - Return of the Mack (Official Music Video),
240,Zuckerpuppe (Aus der Bauchtanz-Truppe),Bill Ramsey,1961,https://www.youtube.com/watch?v=udkFht8LtP0,34b7432ede8e9ad5a0ab45287bcd01ba0156c1f445a67ce52c667207e0c4128b,Zuckerpuppe (Aus der Bauchtanzgruppe),
241,Nah Neh Nah,Vaya Con Dios,1990,https://www.youtube.com/watch?v=VMakqYyrd3s,509963c8662a3d37e024cb99f0dcbde8b7e20ff0791061b6cff8bbfe7fb3f495,Vaya Con Dios - Nah Neh Nah (Still),
242,Emanuela,Fettes Brot,2005,https://www.youtube.com/watch?v=rigxc8puTts,3b205713ba73e53ccbcf36cb824835abe598a636d1242e79843ac651bae0f351,Fettes Brot - Emanuela (Official),
243,Skandal im Sperrbezirk,Spider Murphy Gang,1981,https://www.youtube.com/watch?v=u-AwlK_wBJ8,a1fad080511f6b6543fbc75d07532c15e348c984c1978cbd7bed29103db2211f,Skandal im Sperrbezirk (Remastered 2007),
244,It's My Life,Bon Jovi,2000,https://youtu.be/vx2u5uUu3DE?t=25,33558b87f0fbaf1484c82ecec41acecad7a806be268a342bdab21d467fc474ea,Bon Jovi - It's My Life (Official Music Video),
245,Ganz Paris Träumt Von Der Liebe,Caterina Valente,1954,https://www.youtube.com/watch?v=uhVP418YR_8,a712755f6d22421c707d44f6f0acda128e91f8588cd3aa203645b9343efe1e85,Ganz Paris träumt von der Liebe,
246,Crazy In Love (feat. Jay-Z),Beyoncé,2003,https://www.youtube.com/watch?v=ViwtNLUqkMY,7e31969c34b63b85fb7182b566979e0b79d5d17ef946556e31841e166e6bd500,Beyoncé - Crazy In Love ft. JAY Z,
247,Blinding Lights,The Weeknd,2019,https://www.youtube.com/watch?v=4NRXx6U8ABQ,214ce680698d51274277910e53210da725e295d669f44e20004f7ad44884b0f9,The Weeknd - Blinding Lights (Official Video),
248,Die Gitarre und das Meer,Freddy Quinn,1959,https://www.youtube.com/watch?v=3y57Xi5crxA,fd12904b02c562a014b03bd913a6edffc409379defce9d34f3dc46ac43a51ae4,Die Gitarre und das Meer,
249,Save Tonight,Eagle-Eye Cherry,1997,https://www.youtube.com/watch?v=Nntd2fgMUYw,bdd095e3efe5dbd0244e6a32d2973b58677127e58e33c12eff903d13713473ae,Eagle-Eye Cherry - Save Tonight,
250,Holding Back the Years,Simply Red,1985,https://www.youtube.com/watch?v=yG07WSu7Q9w,7e8a2644fccfc5770411a7d7edf65ab4a710dc6b09e18146f588368ada7e2acd,Simply Red - Holding Back The Years (Official 4K Remaster),
251,Die Eine,Die Firma,1998,https://www.youtube.com/watch?v=B_UubU2rxJw,5f942da2438c3c11109b0b824e13666f7432f7310945d4386869931271bcbf56,Die Firma - Die Eine ( 1996 original ),
252,1000 und 1 Nacht,Klaus Lage,1984,https://www.youtube.com/watch?v=s-Sqe30hn4U,14aa79da35dcf929dded6b747e66894265013e6b3b49ab490e2e10e23a75e329,1000 und 1 Nacht (Zoom!) (Remastered 2011),
253,Die guten Zeiten,"Wincent Weiss, Johannes Oerding",2021,https://www.youtube.com/watch?v=Swlxm_msl4k,1288a5f16d2dd07c151313ed168f64d08538b8515ea6a52d2623cbbf82b02616,"Wincent Weiss, Johannes Oerding - Die Guten Zeiten (Official Music Video)",
254,Circles,Post Malone,2019,https://www.youtube.com/watch?v=wXhTHyIgQ_U,aae57677a52773f4824fce8112a51416e00e90aa47ac71de85bde7f5704f3fd3,Post Malone - Circles,
255,"Marmor, Stein und Eisen bricht",Drafi Deutscher,1965,https://www.youtube.com/watch?v=BTmtOd4mpco,856be4fc37eb862ed341be3e5d4bc93a4796c6e956799ae2e586afa006af9838,"Marmor, Stein und Eisen bricht",
256,Why,Annie Lennox,1992,https://www.youtube.com/watch?v=HG7I4oniOyA,21355d917fe7ce492ce359dc7cce1fb225b119a856f90cda3fd6178fe7d3d421,Annie Lennox - Why (Official Music Video),
257,Cheap Thrills,Sia,2015,https://www.youtube.com/watch?v=31crA53Dgu0,e26a26114d3a7f397cdfa2184f35fad1ab7f7c6cad932170028da29665f73934,Sia - Cheap Thrills (Performance Edit),
258,Under Pressure,"Queen, David Bowie",1981,https://www.youtube.com/watch?v=a01QQZyl-_I,16d10900115bed2c8bb5ef2694192d7f9c5a7d71030feea679cd45ca6dc8dff6,Queen - Under Pressure (Official Video),
259,Numb / Encore,"JAY-Z, Linkin Park",2004,https://www.youtube.com/watch?v=Ptgu47t9rKk,d00ee17b52c3ac28245b6cb92721f2633f1264d4801b5c49f8fa70f37a7f0a65,Numb / Encore,
260,Good Vibrations,The Beach Boys,1966,https://www.youtube.com/watch?v=apBWI6xrbLY,ba843ab02c0b90d6fe29f9eaf0dd0f11b8e4b691e1d16bef4d257476ff959b25,The Beach Boys - Good Vibrations (Official Music Video),
261,Ain't That A Shame,Fats Domino,1955,https://www.youtube.com/watch?v=U4uWi7-5iQg,0aa813b9e6ed7283de8c0c02f425c194955ca214689d4c5b3f09ff889b5f1da5,Ain't That a Shame (1955),
262,Das Boot,U96,1992,https://www.youtube.com/watch?v=YVxXbTk-zsQ,b3dc8a4967fb55c259741605b34d7ba11d815cd36008089a3c5b05f6aae821f3,U 96 - Das Boot,
263,Praise You,Fatboy Slim,1999,https://www.youtube.com/watch?v=ruAi4VBoBSM,d53e45e3977a93b5ddac2710bc8571b7bbf3ecb85ae370213987548d1f287bf5,Fatboy Slim - Praise You [Official Video],
264,Could I Have This Kiss Forever,"Enrique Iglesias, Whitney Houston",2000,https://www.youtube.com/watch?v=zsfj9j0kjoU,7f4ae963a057ffb6c54de96eb449c9da5e83513bf0d99d62dcbb3f0b594c7fca,Whitney Houston with Enrique Iglesias - Could I Have This Kiss Forever (Official HD Video),
265,Major Tom (Völlig lösgelöst),Peter Schilling,1982,https://www.youtube.com/watch?v=vr_UK0tSb8M,3f041ead10ad4d49815f3a294ae5914bd98e2fd311751dd0bb9dd553c238154d,Major Tom (Völlig losgelöst),
266,Where Is The Love?,Black Eyed Peas,2003,https://www.youtube.com/watch?v=WpYeekQkAdc,7d525252e243160c6d1d9a46fc9173106c0cab201bcaa01ed6daa322c2ea8b36,The Black Eyed Peas - Where Is The Love? (Official Music Video),
267,It Wasn't Me,"Shaggy, Rik Rok",2000,https://www.youtube.com/watch?v=sTMgX1PDGAE,3866cd3d6daa3ba86a05c734ddf88cba91c3501cd9e45b9fcbea112a1f95d181,It Wasn't Me,
268,Dance Monkey,Tones And I,2019,https://www.youtube.com/watch?v=q0hyYWKXF0Q,3c76b4db7461144f3e5663224dd0b95ff55ce9fc0550c9bed8071b571b67143c,TONES AND I - DANCE MONKEY (OFFICIAL VIDEO),
269,It's In The Kiss (The Shoop Shoop Song),Betty Everett,1964,https://www.youtube.com/watch?v=5XOVJsJAIW0,f88c44eba74cba183f3006a5a591f6a6a51a837d48cee3214e94e8fe46e5ab79,The Shoop Shoop Song (It's In His Kiss),
270,I Got You (I Feel Good),James Brown & The Famous Flames,1965,https://www.youtube.com/watch?v=3C6pGF43L7Q,dd3807c14bb72429e30c102e6e7865e931d5781034dac42f2e2b68801ae74bba,I Feel Good (I Got You),
271,Lonely,Akon,2005,https://www.youtube.com/watch?v=6EEW-9NDM5k,cc2bfca715e2441de64c7d76069d2d21b9e8e206515c244333d3e4556a9b0440,Akon - Lonely (Official Music Video),
272,Super Freak,Rick James,1981,https://www.youtube.com/watch?v=QYHxGBH6o4M,79b5de8ac0a274d692d8dcc821f51caccb0521bf7d0eff686feb25eb7c435575,Rick James - Super Freak (Official Music Video),
273,Tränen lügen nicht,Michael Holm,1974,https://www.youtube.com/watch?v=NFyk4D7a0cY,d1a96cc0382f92e3a9d48164073d85454c46b2b54a11391fc360b5f6cbcdc28b,Michael Holm - Traenen luegen nicht (ZDF Hitparade 30.11.1974),
274,When a Man Loves a Woman,Percy Sledge,1966,https://www.youtube.com/watch?v=KwPxhWU1koE,e8c2bb797c94d52041f98eebc654fba91b531ab51bed7c40605ef53dd46462cf,When a Man Loves a Woman (2000 Remaster),
275,Blue Bayou,Linda Ronstadt,1977,https://www.youtube.com/watch?v=IDBVW4BXZPo,90374fc49ca062f8ab037656b560c5b569e5a9acb0e63ad5d8e663e043e3424f,Blue Bayou,
276,Jolene,Dolly Parton,1973,https://www.youtube.com/watch?v=Ixrje2rXLMA,280999dd31c616447d892337cceb0ec01988f74f8414a3c96a55a55815493648,Dolly Parton - Jolene (Audio),
277,Like a Prayer,MadHouse,2002,https://www.youtube.com/watch?v=4v2SXG_fkWg,3abd3c50f5533b7d021b31d6ac9dee8daf8e2ced6f7b85cdece6ac1b2aecd529,Like a Prayer,
278,That's Amore,Dean Martin,1953,https://www.youtube.com/watch?v=RUz1pZ_LujU,e8ddd124241e51c947511f90252fa9023e5f3d26f2ebb0703a425784fd548727,Dean Martin - That's Amore (Lyric Video),
279,Piano Man,Billy Joel,1973,https://www.youtube.com/watch?v=gxEPV4kolz0,9b9a08b0d35b59a7cc536a68cf3f1acb9941ddfe712fcf56c2a057aa7210d89e,Billy Joel - Piano Man (Official HD Video),
280,Er hat ein knallrotes Gummiboot,Wencke Myhre,1970,https://www.youtube.com/watch?v=YJrQiv-FHEg,080a84119da1e05fc92421e22a1b2d796ccf4d832961fa8c4bbcef59c1d566c0,Wencke Myhre - Er hat ein knallrotes Gummiboot 1970,
281,Space Oddity,David Bowie,1969,https://www.youtube.com/watch?v=iYYRH4apXDo,9f447ffa378d14b6fe041948d5ea09ec6f5d1d1b65d67ca9644ac50509ef6a32,David Bowie – Space Oddity (Official Video),
282,Anyone,Justin Bieber,2021,https://www.youtube.com/watch?v=KIK3azN4w34,cc5f1427e7712953a5042f932c9aca70ea52c960e2cb82bf8197e02c653629cf,Justin Bieber - Anyone,
283,Scars To Your Beautiful,Alessia Cara,2016,https://www.youtube.com/watch?v=MWASeaYuHZo,2972fdb326c1a2fce335a55526825d257cb2fcfdd7eaea595fe86ca108efde3a,Alessia Cara - Scars To Your Beautiful (Official Video),
284,Get Back,The Beatles,1969,https://www.youtube.com/watch?v=YEESfv-11ng,14f7199454175c2a69f6160e2333b23262ec82268a084a8dd56109deaa6b015c,Get Back (Remastered 2015),
285,Waka Waka (This Time for Africa) ft. Freshlyground,Shakira,2010,https://www.youtube.com/watch?v=Ntn1-SocNiY,8fefce35a3de7e9e289474788a86aa532efe3119aa64cff304ac1c67b4d1d0b6,Shakira - Waka Waka (This Time For Africa) (Official HD Video) ft. Freshlyground,
286,Let's Stick Together,Bryan Ferry,1976,https://www.youtube.com/watch?v=Z9EbR0ckb40,737fa4769c37125cfbc2cca6e7b531517bb095f45730271db5fd9596292ee1a3,Bryan Ferry - Let's Stick Together,
287,Put Your Records On,Corinne Bailey Rae,2006,https://www.youtube.com/watch?v=rjOhZZyn30k,6bb18320d931efa192dbf18baee7c8f2e4852628d1729d764d2c8b71fcc66954,Corinne Bailey Rae - Put Your Records On,
288,Ice Ice Baby,Vanilla Ice,1990,https://www.youtube.com/watch?v=rog8ou-ZepE,16415a1a9c3ba4beccefdba33e9bd6b8c78a728e47c0e7360d586c0dd9431e68,Vanilla Ice - Ice Ice Baby (Official Music Video),
289,When I Need You,Leo Sayer,1977,https://www.youtube.com/watch?v=obC0MFHWJ0A,3b63e9a9bb063cc4a61f12494b1cf37f703a70b53abff7423806002960fbd5d5,Leo Sayer - When I Need You (Official HD Music Video),
290,bad guy,Billie Eilish,2019,https://www.youtube.com/watch?v=DyDfgMOUjCI,1067af88cf4f1ae74e0c313b6dc2d83ec00ea3587def736836813d402180d52e,Billie Eilish - bad guy (Official Music Video),
291,Feel It Still,Portugal. The Man,2017,https://www.youtube.com/watch?v=pBkHHoOIIn8,41f3b97a59fc7399d62a5ccc6e474e731252fc45140ffba9fee0f990df182135,Portugal. The Man - Feel It Still (Official Music Video),
292,Shallow,"Lady Gaga, Bradley Cooper",2018,https://www.youtube.com/watch?v=bo_efYhYU2A,a844a8630ddfa66de66870f8ec3dcec94619d03d18602c6e590e14e141f36d1e,"Lady Gaga, Bradley Cooper - Shallow (from A Star Is Born) (Official Music Video)",
293,Vom selben Stern,Ich + Ich,2007,https://www.youtube.com/watch?v=cDoHZb9vCs4,edad4a7b3fd9d6ddebd35c412d430cea91d5a99c8ab8c7fafcee78a44e7e3d92,Ich + Ich - Vom selben Stern (Official Video),
294,"Hey, Soul Sister",Train,2009,https://www.youtube.com/watch?v=kVpv8-5XWOI,2e631b35f67c4675ccfc7b47189974ec12e0c3964cc47b6abadc5ffdab34024b,"Train - Hey, Soul Sister (Official Video)",
295,Can't Help Falling in Love,Elvis Presley,1961,https://www.youtube.com/watch?v=vGJTaP6anOU,2694bbc5c054fe7217d789e3b4cdd9d1ed73d6940d5e3e1d82f761450c406d6b,Elvis Presley - Can't Help Falling In Love (Official Audio),
296,Call on Me,Eric Prydz,2004,https://www.youtube.com/watch?v=L_fCqg92qks,f4af95b548aa7158683ffb4666641576b4d868d855e2e01f5820290aa4e12470,Eric Prydz - Call On Me,
297,I Heard It Through The Grapevine,Marvin Gaye,1968,https://www.youtube.com/watch?v=VWG3npfEoHo,9623f7e2f5923c87c0fd9ae2ac0ebd175fbc53f21ad2e7e862ff1619a126b295,I Heard It Through The Grapevine,
298,Ein Bett Im Kornfeld,Jürgen Drews,1976,https://www.youtube.com/watch?v=XqX0720VTRY,be090b6283769dd46e599be5c16d6a7f05282db997be8e7e957fb7dd311e8622,Ein Bett im Kornfeld - Jürgen Drews    Das Original!,
299,Dancing in the Moonlight,Toploader,2000,https://www.youtube.com/watch?v=GSWcy-bx_lg,b708abd850190959db6740c066d2206b1871e70c60d3311ad0e3ef6afe547367,Toploader - Dancing in the Moonlight (Official Lyric Video),
300,Escape (The Pina Colada Song),Rupert Holmes,1979,https://www.youtube.com/watch?v=FXG_I_tf_i4,937e8c54c029d4676dbf1910a07eb9ffec7f34a3a0ba99ff449384719c6335ca,Escape (The Pina Colada Song),
301,Thunder,Imagine Dragons,2017,https://www.youtube.com/watch?v=fKopy74weus,11b9b779da358f696f4826d4029e7bd596755fef592ead3486f9f0f9a246edd7,Imagine Dragons - Thunder,
302,"Oh, Pretty Woman",Roy Orbison,1964,https://www.youtube.com/watch?v=3KFvoDDs0XM,7e6a5ebdaf103dae76f90c4a1f8f0edcb7a74d69f111617cd4ec4ba1aa374b24,"Oh, Pretty Woman",
303,Lollipop,The Chordettes,1958,https://www.youtube.com/watch?v=sGH7aWA49DQ,03e098aa6557feaffcb5b40420736ac1ed36b5693162cafadddd0d694ceab6b2,Lollipop,
304,No Woman No Cry,Bob Marley & The Wailers,1974,https://www.youtube.com/watch?v=IT8XvzIfi4U,4408da50b4fba9e5d9ac2118c28159cd6d9952aabf3df9fabd83b54ba6a8016e,"Bob Marley - No Woman, No Cry (Official Video)",
305,Respect,Aretha Franklin,1967,https://www.youtube.com/watch?v=9iayJ8u4Qew,b3b49901cb7f050808d3c6ba031f0fba5c8e06235f5fb0cae161398568734c4b,Respect,
306,You Can Get It If You Really Want,Jimmy Cliff,1970,https://www.youtube.com/watch?v=75OuJvXsENQ,ed4f4c7f6063f76f8e7ac418ff6fcdf1b2d599401eb6be6c3d73f1e70b2b7418,You Can Get It If You Really Want,
307,Wooly Bully,Sam The Sham & The Pharaohs,1965,https://www.youtube.com/watch?v=3UttAR8DnFY,ada568abed5a3092718e4d1fc4e58f69e02e8f409ff37cb1698aba4489a2f194,Wooly Bully (Rerecorded),
308,Fireflies,Owl City,2009,https://www.youtube.com/watch?v=psuRGfAaju4,dcc3b2ee10efa51daa478b00fa1a90cb51be3eb32929e0d58d04b8f7cd2395b5,Owl City - Fireflies (Official Music Video),
